<?xml version="1.0" encoding="UTF-8" standalone="yes"?>
<addon id="plugin.video.blogscraper" name="VidGrab" version="0.0.4" provider-name="Oli Passey">
	<requires>
		<import addon="xbmc.python" version="2.19.0" />
        <import addon="script.module.python.koding.aio" version="0.0.1"/>
	</requires>
	<extension point="xbmc.python.pluginsource" library="default.py">
		<provides>video</provides>
	</extension>
	<extension point="xbmc.addon.metadata">
		<summary lang="en">Grab videos from my blog</summary>
		<description lang="en"></description>
		<platform>all</platform>
		<forum>http://www.noobsandnerds.com/support</forum>
		<website>www.noobsandnerds.com</website>
		<news></news>
		<genre>tech,uk</genre>
		<video_guide></video_guide>
		<video_preview></video_preview>
	</extension>
</addon>
