<?xml version="1.0" encoding="UTF-8" standalone="yes"?>
<addon id="repository.olipassey" name="olipassey's repo" version="0.0.3" provider-name="Oli Passey">
	<extension point="xbmc.addon.repository" name="olipassey's kodi repo">
		<dir>
			<info compressed="false">https://raw.githubusercontent.com/noobsandnerds/modules4all/master/zips/addons.xml</info>
			<checksum>https://raw.githubusercontent.com/noobsandnerds/modules4all/master/zips/addons.xml.md5</checksum>
			<datadir zip="true">https://raw.githubusercontent.com/noobsandnerds/modules4all/master/zips/</datadir>
		</dir>
		<info compressed="false">https://raw.githubusercontent.com/OliPassey/repository.olipassey/master/zips/addons.xml</info>
		<checksum>https://raw.githubusercontent.com/OliPassey/repository.olipassey/master/zips/addons.xml.md5</checksum>
		<datadir zip="true">https://raw.githubusercontent.com/OliPassey/repository.olipassey/master/zips/</datadir>
	</extension>
	<extension point="xbmc.addon.metadata">
		<summary lang="en">Kodi Kontroller Required addons</summary>
		<description lang="en">More info at olipassey.me.uk</description>
		<genre>tech,uk</genre>
	</extension>
</addon>