<?xml version="1.0" encoding="UTF-8" standalone="yes"?>
<addon id="plugin.video.wnhq"
       name="WhiteNoiseHQ"
       version="0.4"
       provider-name="WNHQ">
  <requires>
    <import addon="xbmc.python" version="2.1.0"/>
  </requires>
  <extension point="xbmc.python.pluginsource"
            library="default.py">
        <provides>video</provides>
  </extension>
  <extension point="xbmc.addon.metadata">
    <summary lang="en">White Noise HQ live on your TV!</summary>
    <language>en</language>
    <description lang="en">White Noise HQ is no longer operating, the back-end domain has gone away and will not be back.</description>
     <platform>all</platform>
	 <broken>deprecated</broken>
  </extension>
</addon>
