<?xml version="1.0" encoding="UTF-8" standalone="yes"?>
<addon id="plugin.video.scottmanley" name="Scott Manley" version="0.1" provider-name="Oli Passey">
	<requires>
		<import addon="xbmc.python" version="2.19.0" />
        <import addon="script.module.python.koding.aio" version="0.0.1"/>
	</requires>
	<extension point="xbmc.python.pluginsource" library="default.py">
		<provides>video</provides>
	</extension>
	<extension point="xbmc.addon.metadata">
		<summary lang="en">Regular YouTube blog about Space from Scott Manley</summary>
		<description lang="en"></description>
		<platform>all</platform>
		<forum></forum>
		<website>https://www.youtube.com/channel/UCxzC4EngIsMrPmbm6Nxvb-A</website>
		<news></news>
		<genre>vlog,conversation</genre>
		<video_guide></video_guide>
		<video_preview></video_preview>
	</extension>
</addon>
